[
  {
    "id":1,
    "source":0,
    "property_preprocess":false,
    "name":"getImageList",
    "description":"",
    "editor_type":0,
    "category":0,
    "cache_type":0,
    "locked":false,
    "properties":[
      
    ],
    "moduleguid":"",
    "static":false,
    "static_file":"",
    "filename":"getimagelist.snippet.php",
    "category_name":"MIGX"
  },
  {
    "id":2,
    "source":0,
    "property_preprocess":false,
    "name":"migxGetRelations",
    "description":"",
    "editor_type":0,
    "category":0,
    "cache_type":0,
    "locked":false,
    "properties":null,
    "moduleguid":"",
    "static":false,
    "static_file":"",
    "filename":"migxgetrelations.snippet.php",
    "category_name":"MIGX"
  },
  {
    "id":4,
    "source":0,
    "property_preprocess":false,
    "name":"migx",
    "description":"",
    "editor_type":0,
    "category":0,
    "cache_type":0,
    "locked":false,
    "properties":null,
    "moduleguid":"",
    "static":false,
    "static_file":"",
    "filename":"migx.snippet.php",
    "category_name":"MIGX"
  },
  {
    "id":7,
    "source":0,
    "property_preprocess":false,
    "name":"migxLoopCollection",
    "description":"",
    "editor_type":0,
    "category":0,
    "cache_type":0,
    "locked":false,
    "properties":null,
    "moduleguid":"",
    "static":false,
    "static_file":"",
    "filename":"migxloopcollection.snippet.php",
    "category_name":"MIGX"
  },
  {
    "id":34,
    "source":0,
    "property_preprocess":false,
    "name":"migxResourceMediaPath",
    "description":"",
    "editor_type":0,
    "category":0,
    "cache_type":0,
    "locked":false,
    "properties":null,
    "moduleguid":"",
    "static":false,
    "static_file":"",
    "filename":"migxresourcemediapath.snippet.php",
    "category_name":"MIGX"
  },
  {
    "id":35,
    "source":0,
    "property_preprocess":false,
    "name":"migxImageUpload",
    "description":"",
    "editor_type":0,
    "category":0,
    "cache_type":0,
    "locked":false,
    "properties":null,
    "moduleguid":"",
    "static":false,
    "static_file":"",
    "filename":"migximageupload.snippet.php",
    "category_name":"MIGX"
  },
  {
    "id":44,
    "source":0,
    "property_preprocess":false,
    "name":"migxChunklistToJson",
    "description":"",
    "editor_type":0,
    "category":0,
    "cache_type":0,
    "locked":false,
    "properties":null,
    "moduleguid":"",
    "static":false,
    "static_file":"",
    "filename":"migxchunklisttojson.snippet.php",
    "category_name":"MIGX"
  },
  {
    "id":51,
    "source":0,
    "property_preprocess":false,
    "name":"migxSwitchDetailChunk",
    "description":"",
    "editor_type":0,
    "category":0,
    "cache_type":0,
    "locked":false,
    "properties":null,
    "moduleguid":"",
    "static":false,
    "static_file":"",
    "filename":"migxswitchdetailchunk.snippet.php",
    "category_name":"MIGX"
  },
  {
    "id":52,
    "source":0,
    "property_preprocess":false,
    "name":"getSwitchColumnCol",
    "description":"",
    "editor_type":0,
    "category":0,
    "cache_type":0,
    "locked":false,
    "properties":null,
    "moduleguid":"",
    "static":false,
    "static_file":"",
    "filename":"getswitchcolumncol.snippet.php",
    "category_name":"MIGX"
  },
  {
    "id":53,
    "source":0,
    "property_preprocess":false,
    "name":"getDayliMIGXrecord",
    "description":"",
    "editor_type":0,
    "category":0,
    "cache_type":0,
    "locked":false,
    "properties":null,
    "moduleguid":"",
    "static":false,
    "static_file":"",
    "filename":"getdaylimigxrecord.snippet.php",
    "category_name":"MIGX"
  },
  {
    "id":59,
    "source":0,
    "property_preprocess":false,
    "name":"filterbytag",
    "description":"",
    "editor_type":0,
    "category":0,
    "cache_type":0,
    "locked":false,
    "properties":null,
    "moduleguid":"",
    "static":false,
    "static_file":"",
    "filename":"filterbytag.snippet.php",
    "category_name":"MIGX"
  },
  {
    "id":88,
    "source":0,
    "property_preprocess":false,
    "name":"migxObjectMediaPath",
    "description":"",
    "editor_type":0,
    "category":0,
    "cache_type":0,
    "locked":false,
    "properties":null,
    "moduleguid":"",
    "static":false,
    "static_file":"",
    "filename":"migxobjectmediapath.snippet.php",
    "category_name":"MIGX"
  },
  {
    "id":156,
    "source":0,
    "property_preprocess":false,
    "name":"exportMIGX2db",
    "description":"",
    "editor_type":0,
    "category":0,
    "cache_type":0,
    "locked":false,
    "properties":null,
    "moduleguid":"",
    "static":false,
    "static_file":"",
    "filename":"exportmigx2db.snippet.php",
    "category_name":"MIGX"
  },
  {
    "id":161,
    "source":0,
    "property_preprocess":false,
    "name":"preparedatewhere",
    "description":"",
    "editor_type":0,
    "category":0,
    "cache_type":0,
    "locked":false,
    "properties":null,
    "moduleguid":"",
    "static":false,
    "static_file":"",
    "filename":"preparedatewhere.snippet.php",
    "category_name":"MIGX"
  },
  {
    "id":168,
    "source":0,
    "property_preprocess":false,
    "name":"migxJsonToPlaceholders",
    "description":"",
    "editor_type":0,
    "category":0,
    "cache_type":0,
    "locked":false,
    "properties":null,
    "moduleguid":"",
    "static":false,
    "static_file":"",
    "filename":"migxjsontoplaceholders.snippet.php",
    "category_name":"MIGX"
  },
  {
    "id":185,
    "source":0,
    "property_preprocess":false,
    "name":"migxGetCollectionTree",
    "description":"",
    "editor_type":0,
    "category":0,
    "cache_type":0,
    "locked":false,
    "properties":null,
    "moduleguid":"",
    "static":false,
    "static_file":"",
    "filename":"migxgetcollectiontree.snippet.php",
    "category_name":"MIGX"
  }
]